<?xml version='1.0' encoding='UTF-8'?>
<!DOCTYPE hibernate-configuration PUBLIC
          "-//Hibernate/Hibernate Configuration DTD 3.0//EN"
          "http://hibernate.sourceforge.net/hibernate-configuration-3.0.dtd">

<hibernate-configuration>
	<session-factory>
		<property name="connection.username">root</property>
		<property name="connection.url">
			jdbc:mysql://127.0.0.1:3306/test1
		</property>
		<property name="dialect">
			org.hibernate.dialect.MySQLDialect
		</property>
		<property name="myeclipse.connection.profile">easyCMS</property>
		<property name="connection.password">123</property>
		<property name="connection.driver_class">
			com.mysql.jdbc.Driver
		</property>
		<mapping resource="com/dao/User.hbm.xml" />
	</session-factory>
</hibernate-configuration>