<?xml version="1.0" encoding="UTF-8" ?>
<!DOCTYPE struts PUBLIC "-//Apache Software Foundation//DTD Struts Configuration 2.1//EN" "http://struts.apache.org/dtds/struts-2.1.dtd">
<struts>
	<include file="struts-default.xml" />
    <package name="Demo" extends="struts-default">
        <action name="Login" class="com.action.ActionLogin">
            <result name="success">success.jsp</result>
            <!-- 校验错误 -->
            <result name="input">index.jsp</result>
            <result name="error">index.jsp</result>
        </action>
    </package>
</struts>    
