<?xml version="1.0" encoding="utf-8"?>
<!DOCTYPE hibernate-mapping PUBLIC "-//Hibernate/Hibernate Mapping DTD 3.0//EN"
"http://hibernate.sourceforge.net/hibernate-mapping-3.0.dtd">

<hibernate-mapping>
    <class name="com.dao.User" table="user" catalog="test1">
        <id name="id" type="java.lang.String">
            <column name="id" length="35" />
            <generator class="assigned" />
        </id>
        <property name="name" type="java.lang.String">
            <column name="name" length="50" />
        </property>
        <property name="password" type="java.lang.String">
            <column name="password" length="35" />
        </property>
    </class>
</hibernate-mapping>
